Name,Address,Type,Comment
HMI_Auto_Mode,M-100,bit,Chế độ Auto / Manual
HMI_Reset_Error,M-101,bit,Reset lỗi hệ thống
HMI_Start,M-102,bit,Nút Start khởi động máy
HMI_Stop,M-103,bit,Nút Stop dừng máy
HMI_Reset_Length,M-104,bit,Reset tổng chiều dài mét hàng về 0
HMI_Reset_Roll_T,M-105,bit,Nạp lại đường kính cuộn mới Thu T
HMI_Reset_Roll_M,M-106,bit,Nạp lại đường kính cuộn mới Xả M
HMI_Reset_Roll_U,M-107,bit,Nạp lại đường kính cuộn mới Xả U
HMI_PID_Enable,M-108,bit,Bật / Tắt chế độ PID tự động
HMI_Inc_Hold,M-109,bit,Phím INC tăng tốc trên màn hình
HMI_Dec_Hold,M-114,bit,Phím DEC giảm tốc trên màn hình
HMI_Pen1_Cmd,M-115,bit,Lệnh đóng mở Pen 1 từ HMI
HMI_Pen2_Cmd,M-116,bit,Lệnh đóng mở Pen 2 từ HMI
HMI_Jog_Crawl_Cmd,M-117,bit,Nút nhấn Bò chậm luồn màng HMI
HMI_Reset_All_Rolls,M-118,bit,Nút thay cuộn mới toàn bộ 1-Click
HMI_Cmd_Apply_Recipe,M-119,bit,Nút áp dụng công thức đơn hàng
HMI_Cmd_Save_Recipe,M-124,bit,Nút lưu cài đặt vào Recipe Tùy chỉnh
Zero_Set_T,M-110,bit,Nút Set Zero Loadcell Thu T
Zero_Set_X1,M-111,bit,Nút Set Zero Loadcell Xả X1
Zero_Set_M,M-112,bit,Nút Set Zero Loadcell Thắng M
Zero_Set_U,M-113,bit,Nút Set Zero Loadcell Xả U
Calib_Set_T,M-120,bit,Nút Calib Span Loadcell Thu T
Calib_Set_X1,M-121,bit,Nút Calib Span Loadcell Xả X1
Calib_Set_M,M-122,bit,Nút Calib Span Loadcell Thắng M
Calib_Set_U,M-123,bit,Nút Calib Span Loadcell Xả U
HMI_Cmd_AutoTune,M-180,bit,Nút kích hoạt Auto-Tuning PID
HMI_Cmd_Save_PID,M-181,bit,Nút lưu thông số PID đã chỉnh
HMI_Cmd_Zero_Set,M-182,bit,Nút Zero tổng hợp trên HMI
HMI_Cmd_Calib_Set,M-183,bit,Nút Calib tổng hợp trên HMI
HMI_Status_AT_Busy,M-184,bit,Đèn báo đang Auto-Tuning PID
HMI_Status_AT_Done,M-185,bit,Đèn báo hoàn tất Auto-Tuning PID
Servo_Not_Ready_Fault,M-134,bit,Cờ báo sự cố 5 Servo Not Ready
Pen1_State,M-1309,bit,Trạng thái Pen 1
Pen2_State,M-1310,bit,Trạng thái Pen 2
Pen_Auto_Engaged,M-1311,bit,Cờ báo Pen đã tự động hạ
Auto_Decel_Flag,M-1312,bit,Cờ báo hệ thống đang hãm dừng về đích
State_Machine,D-700,16-bit Signed,Trạng thái vận hành máy (0=Stop 1=Run)
HMI_Status_Text_Code,D-701,16-bit Signed,Mã trạng thái hiển thị tiếng Việt trên HMI
HMI_Recipe_Select,D-702,16-bit Signed,Chọn Recipe công thức (1..5)
HMI_Axis_Select,D-704,16-bit Signed,Chọn trục chỉnh PID / Calib (1..7)
Target_Line_MPM,D-600,32-bit Float,Tốc độ máy cài đặt (m/phút)
Max_Speed_MPM,D-602,32-bit Float,Tốc độ tối đa dây chuyền (m/phút)
Min_Speed_MPM,D-604,32-bit Float,Tốc độ tối thiểu dây chuyền (m/phút)
Release_Pen_Speed_MPM,D-606,32-bit Float,Tốc độ nhả Pen tự động (m/phút)
Ramp_Accel_Rate,D-608,32-bit Float,Gia tốc tăng tốc (m/p trên scan)
Ramp_Decel_Rate,D-610,32-bit Float,Gia tốc giảm tốc (m/p trên scan)
Decel_Distance_Meters,D-612,32-bit Float,Khoảng cách hãm dừng tự động (m)
Current_Line_MPM,D-614,32-bit Float,Tốc độ máy thực tế (m/phút)
Gear_Ratio_T,D-620,32-bit Float,Tỷ số truyền hộp số Thu T
Gear_Ratio_X1,D-622,32-bit Float,Tỷ số truyền hộp số Xả X1
Gear_Ratio_X2,D-624,32-bit Float,Tỷ số truyền hộp số Master X2
Gear_Ratio_Ms,D-626,32-bit Float,Tỷ số truyền hộp số Ghép Ms
Gear_Ratio_S,D-628,32-bit Float,Tỷ số truyền hộp số Tráng Dầu S
Gear_Ratio_U,D-630,32-bit Float,Tỷ số truyền hộp số Xả Metalize U
Max_RPM_T,D-632,32-bit Float,Tốc độ tối đa motor Thu T (RPM)
Max_RPM_X1,D-634,32-bit Float,Tốc độ tối đa motor Xả X1 (RPM)
Max_RPM_X2,D-636,32-bit Float,Tốc độ tối đa motor Master X2 (RPM)
Max_RPM_Ms,D-638,32-bit Float,Tốc độ tối đa motor Ghép Ms (RPM)
Max_RPM_S,D-640,32-bit Float,Tốc độ tối đa motor Dầu S (RPM)
Dia_X1_Roller_mm,D-642,32-bit Float,Đường kính lô Kéo X1 (mm)
Dia_X2_Roller_mm,D-644,32-bit Float,Đường kính lô Master X2 (mm)
Dia_Ms_Roller_mm,D-646,32-bit Float,Đường kính lô Ghép Ms (mm)
Dia_S_Roller_mm,D-648,32-bit Float,Đường kính lô Dầu S (mm)
Core_Dia_T_mm,D-650,32-bit Float,Đường kính lõi cuộn Thu T (mm)
Core_Dia_M_mm,D-652,32-bit Float,Đường kính lõi cuộn Thắng M (mm)
Core_Dia_U_mm,D-654,32-bit Float,Đường kính lõi cuộn Xả U (mm)
Max_Dia_T_mm,D-656,32-bit Float,Đường kính cực đại cuộn Thu T (mm)
Max_Dia_M_mm,D-658,32-bit Float,Đường kính cực đại cuộn Thắng M (mm)
Max_Dia_U_mm,D-660,32-bit Float,Đường kính cực đại cuộn Xả U (mm)
SP_Tension_T,D-662,32-bit Float,Cài đặt lực căng cuộn Thu T (kg)
SP_Tension_X1,D-664,32-bit Float,Cài đặt lực căng cuộn Xả X1 (kg)
SP_Tension_M,D-666,32-bit Float,Cài đặt lực căng Thắng M (kg)
SP_Tension_U,D-668,32-bit Float,Cài đặt lực căng Xả U (kg)
Taper_Percent_T,D-670,32-bit Float,Cài đặt phần trăm côn lực Thu T (%)
Effective_SP_T,D-672,32-bit Float,Lực căng SP thực tế Thu T (kg)
Total_Length_Meters,D-708,32-bit Float,Tổng số mét màng đã chạy (m)
Set_Target_Length,D-710,32-bit Float,Cài đặt số mét đơn hàng dừng máy (m)
Real_Dia_U_mm,D-720,32-bit Float,Đường kính cuộn thực tế Xả U (mm)
Real_Dia_M_mm,D-722,32-bit Float,Đường kính cuộn thực tế Thắng M (mm)
Real_Dia_T_mm,D-724,32-bit Float,Đường kính cuộn thực tế Thu T (mm)
Weight_Net_T,D-510,32-bit Float,Lực căng Loadcell thực tế Thu T (kg)
Weight_Net_X1,D-512,32-bit Float,Lực căng Loadcell thực tế Xả X1 (kg)
Weight_Net_M,D-514,32-bit Float,Lực căng Loadcell thực tế Thắng M (kg)
Weight_Net_U,D-516,32-bit Float,Lực căng Loadcell thực tế Xả U (kg)
Zero_Offset_T,D-518,32-bit Float,Zero Offset Loadcell T
Zero_Offset_X1,D-520,32-bit Float,Zero Offset Loadcell X1
Zero_Offset_M,D-522,32-bit Float,Zero Offset Loadcell M
Zero_Offset_U,D-524,32-bit Float,Zero Offset Loadcell U
Calib_Gain_T,D-540,32-bit Float,Hệ số Calib Gain Loadcell T
Calib_Gain_X1,D-542,32-bit Float,Hệ số Calib Gain Loadcell X1
Calib_Gain_M,D-544,32-bit Float,Hệ số Calib Gain Loadcell M
Calib_Gain_U,D-546,32-bit Float,Hệ số Calib Gain Loadcell U
Speed_Ratio_T,D-750,32-bit Float,Tỷ lệ tốc độ Thu T (1.0 = 100%)
Speed_Ratio_X1,D-752,32-bit Float,Tỷ lệ tốc độ Xả X1 (1.0 = 100%)
Speed_Ratio_Ms,D-754,32-bit Float,Tỷ lệ tốc độ Ghép Ms (1.0 = 100%)
Speed_Ratio_S,D-756,32-bit Float,Tỷ lệ tốc độ Dầu S (1.0 = 100%)
Speed_Offset_X1,D-760,32-bit Float,Bù tốc độ Xả X1
Speed_Offset_Ms,D-764,32-bit Float,Bù tốc độ Ghép Ms
Speed_Offset_S,D-768,32-bit Float,Bù tốc độ Dầu S
Min_Torque_M,D-770,32-bit Float,Torque hãm min Thắng M (%)
Max_Torque_M,D-772,32-bit Float,Torque hãm max Thắng M (%)
Init_Holding_Torque_M,D-774,32-bit Float,Torque giữ ban đầu Thắng M (%)
Min_Torque_U,D-776,32-bit Float,Torque hãm min Xả U (%)
Max_Torque_U,D-778,32-bit Float,Torque hãm max Xả U (%)
Init_Holding_Torque_U,D-780,32-bit Float,Torque giữ ban đầu Xả U (%)
Test_Speed_T,D-800,32-bit Float,Tốc độ test manual Thu T (0..16000)
Test_Torque_T,D-802,32-bit Float,Torque test manual Thu T (0..16000)
Test_Speed_X1,D-804,32-bit Float,Tốc độ test manual Xả X1 (0..16000)
Test_Speed_X2,D-806,32-bit Float,Tốc độ test manual Master X2 (0..16000)
Test_Speed_Ms,D-808,32-bit Float,Tốc độ test manual Ghép Ms (0..16000)
Test_Speed_S,D-810,32-bit Float,Tốc độ test manual Dầu S (0..16000)
Test_Torque_M,D-812,32-bit Float,Torque test manual Thắng M (0..16000)
Test_Speed_U,D-814,32-bit Float,Tốc độ test manual Xả U (0..16000)
HMI_Disp_Kp,D-870,32-bit Float,Ô hiển thị / cài đặt Kp HMI
HMI_Disp_Ki,D-872,32-bit Float,Ô hiển thị / cài đặt Ki HMI
HMI_Disp_Kd,D-874,32-bit Float,Ô hiển thị / cài đặt Kd HMI
HMI_Disp_Calib_Gain,D-876,32-bit Float,Ô hiển thị / cài đặt Calib Gain HMI
HMI_Disp_Zero_Offset,D-878,32-bit Float,Ô hiển thị / cài đặt Zero Offset HMI
RPM_T,D-5010,32-bit Signed,Tốc độ vòng/phút Thu T (RPM x10)
RPM_X1,D-5012,32-bit Signed,Tốc độ vòng/phút Xả X1 (RPM x10)
RPM_X2,D-5014,32-bit Signed,Tốc độ vòng/phút Master X2 (RPM x10)
RPM_Ms,D-5016,32-bit Signed,Tốc độ vòng/phút Ghép Ms (RPM x10)
RPM_S,D-5018,32-bit Signed,Tốc độ vòng/phút Dầu S (RPM x10)
MPM_T,D-5020,32-bit Signed,Vận tốc màng Thu T (MPM x10)
MPM_X1,D-5022,32-bit Signed,Vận tốc màng Xả X1 (MPM x10)
MPM_X2,D-5024,32-bit Signed,Vận tốc màng Master X2 (MPM x10)
MPM_Ms,D-5026,32-bit Signed,Vận tốc màng Ghép Ms (MPM x10)
MPM_S,D-5028,32-bit Signed,Vận tốc màng Dầu S (MPM x10)
Curr_Pulse_T,D-5000,32-bit Signed,Giá trị xung đếm hiện tại Trục T
Curr_Pulse_X1,D-5002,32-bit Signed,Giá trị xung đếm hiện tại Trục X1
Curr_Pulse_X2,D-5004,32-bit Signed,Giá trị xung đếm hiện tại Trục X2
Curr_Pulse_Ms,D-5006,32-bit Signed,Giá trị xung đếm hiện tại Trục Ms
PPR_Encoder,D-5008,32-bit Signed,Độ phân giải Encoder (PPR)
